statsbomb_player_name,statsbomb_team,candidate_project_players,reason
Alejandro Darío Gómez,Argentina,,no_exact_project_roster_match
Alexis Mac Allister,Argentina,,no_exact_project_roster_match
Cristian Gabriel Romero,Argentina,,no_exact_project_roster_match
Damián Emiliano Martínez,Argentina,,no_exact_project_roster_match
Enzo Fernandez,Argentina,,no_exact_project_roster_match
Exequiel Alejandro Palacios,Argentina,,no_exact_project_roster_match
Germán Alejandro Pezzella,Argentina,,no_exact_project_roster_match
Gonzalo Ariel Montiel,Argentina,,no_exact_project_roster_match
Guido Rodríguez,Argentina,,no_exact_project_roster_match
Juan Marcos Foyth,Argentina,,no_exact_project_roster_match
Julián Álvarez,Argentina,,no_exact_project_roster_match
Lautaro Javier Martínez,Argentina,,no_exact_project_roster_match
Leandro Daniel Paredes,Argentina,,no_exact_project_roster_match
Lionel Andrés Messi Cuccittini,Argentina,,no_exact_project_roster_match
Lisandro Martínez,Argentina,,no_exact_project_roster_match
Marcos Javier Acuña,Argentina,,no_exact_project_roster_match
Nahuel Molina Lucero,Argentina,,no_exact_project_roster_match
Nicolás Alejandro Tagliafico,Argentina,,no_exact_project_roster_match
Nicolás Hernán Otamendi,Argentina,,no_exact_project_roster_match
Paulo Bruno Exequiel Dybala,Argentina,,no_exact_project_roster_match
Rodrigo Javier De Paul,Argentina,,no_exact_project_roster_match
Thiago Ezequiel Almada,Argentina,,no_exact_project_roster_match
Ángel Fabián Di María Hernández,Argentina,,no_exact_project_roster_match
Ángel Martín Correa,Argentina,,no_exact_project_roster_match
Aaron Mooy,Australia,,no_exact_project_roster_match
Ajdin Hrustic,Australia,,no_exact_project_roster_match
Awer Denis Bul Mabil,Australia,,no_exact_project_roster_match
Aziz Eraltay Behich,Australia,,no_exact_project_roster_match
Bailey Wright,Australia,,no_exact_project_roster_match
Craig Goodwin,Australia,,no_exact_project_roster_match
Fran Karačić,Australia,,no_exact_project_roster_match
Garang Kuol,Australia,,no_exact_project_roster_match
Harry Souttar,Australia,,no_exact_project_roster_match
Jackson Irvine,Australia,,no_exact_project_roster_match
Jamie MacLaren,Australia,,no_exact_project_roster_match
Jason Cummings,Australia,,no_exact_project_roster_match
Keanu Baccus,Australia,,no_exact_project_roster_match
Kye Rowles,Australia,,no_exact_project_roster_match
Mathew Leckie,Australia,,no_exact_project_roster_match
Mathew Ryan,Australia,,no_exact_project_roster_match
Miloš Degenek,Australia,,no_exact_project_roster_match
Mitchell Thomas Duke,Australia,,no_exact_project_roster_match
Nathaniel Atkinson,Australia,,no_exact_project_roster_match
Riley McGree,Australia,,no_exact_project_roster_match
Amadou Onana,Belgium,,no_exact_project_roster_match
Axel Witsel,Belgium,,no_exact_project_roster_match
Charles De Ketelaere,Belgium,,no_exact_project_roster_match
Dries Mertens,Belgium,,no_exact_project_roster_match
Eden Hazard,Belgium,,no_exact_project_roster_match
Ikoma Loïs Openda,Belgium,,no_exact_project_roster_match
Jan Vertonghen,Belgium,,no_exact_project_roster_match
Jeremy Doku,Belgium,,no_exact_project_roster_match
Kevin De Bruyne,Belgium,,no_exact_project_roster_match
Leander Dendoncker,Belgium,,no_exact_project_roster_match
Leandro Trossard,Belgium,,no_exact_project_roster_match
Michy Batshuayi Tunga,Belgium,,no_exact_project_roster_match
Romelu Lukaku Menama,Belgium,,no_exact_project_roster_match
Thibaut Courtois,Belgium,,no_exact_project_roster_match
Thomas Meunier,Belgium,,no_exact_project_roster_match
Thorgan Hazard,Belgium,,no_exact_project_roster_match
Timothy Castagne,Belgium,,no_exact_project_roster_match
Toby Alderweireld,Belgium,,no_exact_project_roster_match
Yannick Ferreira Carrasco,Belgium,,no_exact_project_roster_match
Youri Tielemans,Belgium,,no_exact_project_roster_match
Alex Nicolao Telles,Brazil,,no_exact_project_roster_match
Alex Sandro Lobo Silva,Brazil,Brazil::ALEX SANDRO,no_exact_project_roster_match
Alisson Ramsés Becker,Brazil,Brazil::ALISSON,no_exact_project_roster_match
Antony Matheus dos Santos,Brazil,,no_exact_project_roster_match
Bruno Guimarães Rodriguez Moura,Brazil,Brazil::BRUNO GUIMARAES,no_exact_project_roster_match
Carlos Henrique Casimiro,Brazil,,no_exact_project_roster_match
Daniel Alves da Silva,Brazil,,no_exact_project_roster_match
Danilo Luiz da Silva,Brazil,Brazil::DANILO,no_exact_project_roster_match
Ederson Santana de Moraes,Brazil,Brazil::EDERSON,no_exact_project_roster_match
Frederico Rodrigues Santos,Brazil,,no_exact_project_roster_match
Fábio Henrique Tavares,Brazil,,no_exact_project_roster_match
Gabriel Fernando de Jesus,Brazil,,no_exact_project_roster_match
Gabriel Teodoro Martinelli Silva,Brazil,,no_exact_project_roster_match
Gleison Bremer Silva Nascimento,Brazil,Brazil::BREMER,no_exact_project_roster_match
Lucas Tolentino Coelho de Lima,Brazil,,no_exact_project_roster_match
Marcos Aoás Corrêa,Brazil,,no_exact_project_roster_match
Neymar da Silva Santos Junior,Brazil,,no_exact_project_roster_match
Pedro Guilherme Abreu dos Santos,Brazil,,no_exact_project_roster_match
Raphael Dias Belloli,Brazil,,no_exact_project_roster_match
Richarlison de Andrade,Brazil,,no_exact_project_roster_match
Rodrygo Silva de Goes,Brazil,,no_exact_project_roster_match
Thiago Emiliano da Silva,Brazil,,no_exact_project_roster_match
Vinícius José Paixão de Oliveira Júnior,Brazil,,no_exact_project_roster_match
Weverton Pereira da Silva,Brazil,Brazil::WEVERTON,no_exact_project_roster_match
Éder Gabriel Militão,Brazil,,no_exact_project_roster_match
Éverton Augusto de Barros Ribeiro,Brazil,,no_exact_project_roster_match
André Onana,Cameroon,,no_exact_project_roster_match
André-Frank Zambo Anguissa,Cameroon,,no_exact_project_roster_match
Bryan Mbeumo,Cameroon,,no_exact_project_roster_match
Christian Mougang Bassogog,Cameroon,,no_exact_project_roster_match
Christopher Wooh,Cameroon,,no_exact_project_roster_match
Devis Rogers Epassy Mboka,Cameroon,,no_exact_project_roster_match
Enzo Ebosse,Cameroon,,no_exact_project_roster_match
Gaël Ondoua,Cameroon,,no_exact_project_roster_match
Georges-Kévin Nkoudou Mbida,Cameroon,,no_exact_project_roster_match
Jean-Charles Castelletto,Cameroon,,no_exact_project_roster_match
Jean-Eric Maxim Choupo-Moting,Cameroon,,no_exact_project_roster_match
Jerome Ngom Mbekeli,Cameroon,,no_exact_project_roster_match
Jules Olivier Ntcham,Cameroon,,no_exact_project_roster_match
Karl Brillant Toko Ekambi,Cameroon,,no_exact_project_roster_match
Martin Hongla Yma II,Cameroon,,no_exact_project_roster_match
Ngoran Suiru Fai Collins,Cameroon,,no_exact_project_roster_match
Nicolas Alexis Julio N'Koulou Ndoubena,Cameroon,,no_exact_project_roster_match
Nicolas Moumi Ngamaleu,Cameroon,,no_exact_project_roster_match
Nouhou Tolo,Cameroon,,no_exact_project_roster_match
Pierre Kunde Malong,Cameroon,,no_exact_project_roster_match
Samuel Yves Oum Gwet,Cameroon,,no_exact_project_roster_match
Vincent Paté Aboubakar,Cameroon,,no_exact_project_roster_match
Alistair Johnston,Canada,,no_exact_project_roster_match
Alphonso Davies,Canada,,no_exact_project_roster_match
Atiba Hutchinson,Canada,,no_exact_project_roster_match
Cyle Larin,Canada,,no_exact_project_roster_match
David Junior Hoilett,Canada,,no_exact_project_roster_match
David Wallace Wotherspoon,Canada,,no_exact_project_roster_match
Ismael Koné,Canada,,no_exact_project_roster_match
Jonathan David,Canada,,no_exact_project_roster_match
Jonathan Osorio,Canada,,no_exact_project_roster_match
Kamal Miller,Canada,,no_exact_project_roster_match
Liam Millar,Canada,,no_exact_project_roster_match
Lucas Daniel Cavallini,Canada,,no_exact_project_roster_match
Mark Anthony Kaye,Canada,,no_exact_project_roster_match
Milan Borjan,Canada,,no_exact_project_roster_match
Richie Laryea,Canada,,no_exact_project_roster_match
Sam Adekugbe,Canada,,no_exact_project_roster_match
Stephen Antunes Eustáquio,Canada,,no_exact_project_roster_match
Steven de Sousa Vitoria,Canada,,no_exact_project_roster_match
Tajon Buchanan,Canada,,no_exact_project_roster_match
Anthony Daniel Contreras Enríquez,Costa Rica,,no_exact_project_roster_match
Brandon Aguilera Zamora,Costa Rica,,no_exact_project_roster_match
Bryan Oviedo,Costa Rica,,no_exact_project_roster_match
Bryan Ruiz González,Costa Rica,,no_exact_project_roster_match
Carlos Manuel Martínez Castro,Costa Rica,,no_exact_project_roster_match
Celso Borges Mora,Costa Rica,,no_exact_project_roster_match
Francisco Javier Calvo Quesada,Costa Rica,,no_exact_project_roster_match
Gerson Torres Barrantes,Costa Rica,,no_exact_project_roster_match
Jewison Bennette,Costa Rica,,no_exact_project_roster_match
Joel Nathaniel Campbell Samuels,Costa Rica,,no_exact_project_roster_match
Johan Alberto Venegas Ulloa,Costa Rica,,no_exact_project_roster_match
Juan Pablo Vargas Campos,Costa Rica,,no_exact_project_roster_match
Kendall Jamaal Waston Manley,Costa Rica,,no_exact_project_roster_match
Keylor Navas Gamboa,Costa Rica,,no_exact_project_roster_match
Keysher Fuller Spence,Costa Rica,,no_exact_project_roster_match
Ronald Alberto Matarrita Ulate,Costa Rica,,no_exact_project_roster_match
Yeltsin Ignacio Tejeda Valverde,Costa Rica,,no_exact_project_roster_match
Youstin Delfin Salas Gómez,Costa Rica,,no_exact_project_roster_match
Álvaro José Zamora Mata,Costa Rica,,no_exact_project_roster_match
Óscar Esau Duarte Gaitán,Costa Rica,,no_exact_project_roster_match
Andrej Kramarić,Croatia,,no_exact_project_roster_match
Ante Budimir,Croatia,,no_exact_project_roster_match
Borna Barišić,Croatia,,no_exact_project_roster_match
Borna Sosa,Croatia,,no_exact_project_roster_match
Bruno Petković,Croatia,,no_exact_project_roster_match
Dejan Lovren,Croatia,,no_exact_project_roster_match
Dominik Livaković,Croatia,,no_exact_project_roster_match
Ivan Perišić,Croatia,,no_exact_project_roster_match
Josip Juranović,Croatia,,no_exact_project_roster_match
Josip Stanišić,Croatia,,no_exact_project_roster_match
Josip Šutalo,Croatia,,no_exact_project_roster_match
Joško Gvardiol,Croatia,,no_exact_project_roster_match
Lovro Majer,Croatia,,no_exact_project_roster_match
Luka Modrić,Croatia,,no_exact_project_roster_match
Marcelo Brozović,Croatia,,no_exact_project_roster_match
Mario Pašalić,Croatia,,no_exact_project_roster_match
Marko Livaja,Croatia,,no_exact_project_roster_match
Mateo Kovačić,Croatia,,no_exact_project_roster_match
Mislav Oršić,Croatia,,no_exact_project_roster_match
Nikola Vlašić,Croatia,,no_exact_project_roster_match
Alexander Hartmann Bah,Denmark,,no_exact_project_roster_match
Andreas Christensen,Denmark,,no_exact_project_roster_match
Andreas Evald Cornelius,Denmark,,no_exact_project_roster_match
Andreas Skov Olsen,Denmark,,no_exact_project_roster_match
Christian Dannemann Eriksen,Denmark,,no_exact_project_roster_match
Christian Nørgaard,Denmark,,no_exact_project_roster_match
Jesper Lindstrøm,Denmark,,no_exact_project_roster_match
Joachim Andersen,Denmark,,no_exact_project_roster_match
Joakim Mæhle,Denmark,,no_exact_project_roster_match
Kasper Dolberg,Denmark,,no_exact_project_roster_match
Kasper Schmeichel,Denmark,,no_exact_project_roster_match
Martin Braithwaite Christensen,Denmark,,no_exact_project_roster_match
Mathias Jensen,Denmark,,no_exact_project_roster_match
Mikkel Damsgaard,Denmark,,no_exact_project_roster_match
Pierre-Emile Højbjerg,Denmark,,no_exact_project_roster_match
Rasmus Nissen Kristensen,Denmark,,no_exact_project_roster_match
Robert Skov,Denmark,,no_exact_project_roster_match
Simon Thorup Kjær,Denmark,,no_exact_project_roster_match
Thomas Delaney,Denmark,,no_exact_project_roster_match
Victor Nelsson,Denmark,,no_exact_project_roster_match
Alan Steven Franco Palma,Ecuador,,no_exact_project_roster_match
Angelo Smit Preciado Quiñónez,Ecuador,,no_exact_project_roster_match
Carlos Armando Gruezo Arboleda,Ecuador,,no_exact_project_roster_match
Djorkaeff Neicer Reasco González,Ecuador,,no_exact_project_roster_match
Enner Remberto Valencia Lastra,Ecuador,,no_exact_project_roster_match
Felix Eduardo Torres Caicedo,Ecuador,,no_exact_project_roster_match
Gonzalo Jordy Plata Jiménez,Ecuador,,no_exact_project_roster_match
Hernán Ismael Galíndez,Ecuador,,no_exact_project_roster_match
Jackson Gabriel Porozo Vernaza,Ecuador,,no_exact_project_roster_match
Jeremy Leonel Sarmiento Morante,Ecuador,,no_exact_project_roster_match
Jhegson Sebastián Méndez Carabalí,Ecuador,,no_exact_project_roster_match
José Adoni Cifuentes Charcopa,Ecuador,,no_exact_project_roster_match
Kevin José Rodríguez Cortez,Ecuador,,no_exact_project_roster_match
Michael Steveen Estrada Martínez,Ecuador,,no_exact_project_roster_match
Moisés Isaac Caicedo Corozo,Ecuador,,no_exact_project_roster_match
Pervis Josué Estupiñán Tenorio,Ecuador,,no_exact_project_roster_match
Piero Martín Hincapié Reyna,Ecuador,,no_exact_project_roster_match
Romario Andrés Ibarra Mina,Ecuador,,no_exact_project_roster_match
Bukayo Saka,England,,no_exact_project_roster_match
Callum Wilson,England,,no_exact_project_roster_match
Declan Rice,England,,no_exact_project_roster_match
Eric Dier,England,,no_exact_project_roster_match
Harry Kane,England,,no_exact_project_roster_match
Harry Maguire,England,,no_exact_project_roster_match
Jack Grealish,England,,no_exact_project_roster_match
John Stones,England,,no_exact_project_roster_match
Jordan Brian Henderson,England,,no_exact_project_roster_match
Jordan Pickford,England,,no_exact_project_roster_match
Jude Bellingham,England,,no_exact_project_roster_match
Kalvin Phillips,England,,no_exact_project_roster_match
Kieran Trippier,England,,no_exact_project_roster_match
Kyle Walker,England,,no_exact_project_roster_match
Luke Shaw,England,,no_exact_project_roster_match
Marcus Rashford,England,,no_exact_project_roster_match
Mason Mount,England,,no_exact_project_roster_match
Phil Foden,England,,no_exact_project_roster_match
Raheem Sterling,England,,no_exact_project_roster_match
Trent Alexander-Arnold,England,,no_exact_project_roster_match
Adrien Rabiot,France,,no_exact_project_roster_match
Antoine Griezmann,France,,no_exact_project_roster_match
Aurélien Djani Tchouaméni,France,,no_exact_project_roster_match
Axel Disasi,France,,no_exact_project_roster_match
Benjamin Pavard,France,,no_exact_project_roster_match
Dayotchanculle Upamecano,France,,no_exact_project_roster_match
Eduardo Camavinga,France,,no_exact_project_roster_match
Hugo Lloris,France,,no_exact_project_roster_match
Ibrahima Konaté,France,,no_exact_project_roster_match
Jordan Veretout,France,,no_exact_project_roster_match
Jules Koundé,France,,no_exact_project_roster_match
Kingsley Coman,France,,no_exact_project_roster_match
Kylian Mbappé Lottin,France,,no_exact_project_roster_match
Lucas Hernández Pi,France,,no_exact_project_roster_match
Marcus Thuram,France,,no_exact_project_roster_match
Mattéo Guendouzi Olié,France,,no_exact_project_roster_match
Olivier Giroud,France,,no_exact_project_roster_match
Ousmane Dembélé,France,,no_exact_project_roster_match
Randal Kolo Muani,France,,no_exact_project_roster_match
Raphaël Varane,France,,no_exact_project_roster_match
Steve Mandanda,France,,no_exact_project_roster_match
Theo Bernard François Hernández,France,,no_exact_project_roster_match
William Saliba,France,,no_exact_project_roster_match
Youssouf Fofana,France,,no_exact_project_roster_match
Antonio Rüdiger,Germany,,no_exact_project_roster_match
David Raum,Germany,,no_exact_project_roster_match
Jamal Musiala,Germany,,no_exact_project_roster_match
Jonas Hofmann,Germany,,no_exact_project_roster_match
Joshua Kimmich,Germany,,no_exact_project_roster_match
Kai Havertz,Germany,,no_exact_project_roster_match
Leon Goretzka,Germany,,no_exact_project_roster_match
Leroy Sané,Germany,,no_exact_project_roster_match
Lukas Klostermann,Germany,,no_exact_project_roster_match
Manuel Neuer,Germany,,no_exact_project_roster_match
Mario Götze,Germany,,no_exact_project_roster_match
Niclas Füllkrug,Germany,,no_exact_project_roster_match
Nico Schlotterbeck,Germany,,no_exact_project_roster_match
Niklas Süle,Germany,,no_exact_project_roster_match
Serge Gnabry,Germany,,no_exact_project_roster_match
Thilo Kehrer,Germany,,no_exact_project_roster_match
Thomas Müller,Germany,,no_exact_project_roster_match
Youssoufa Moukoko,Germany,,no_exact_project_roster_match
İlkay Gündoğan,Germany,,no_exact_project_roster_match
Abdul Rahman Baba,Ghana,Ghana::RAHMAN Baba,no_exact_project_roster_match
Alexander Djiku,Ghana,,no_exact_project_roster_match
Alidu Seidu,Ghana,,no_exact_project_roster_match
André Ayew Pelé,Ghana,,no_exact_project_roster_match
Antoine Semenyo,Ghana,,no_exact_project_roster_match
Daniel Amartey,Ghana,,no_exact_project_roster_match
Daniel-Kofi Kyereh,Ghana,,no_exact_project_roster_match
Denis Odoi,Ghana,,no_exact_project_roster_match
Gideon Mensah,Ghana,,no_exact_project_roster_match
Iñaki Williams Arthuer,Ghana,,no_exact_project_roster_match
Jordan Ayew,Ghana,,no_exact_project_roster_match
Kamaldeen Sulemana,Ghana,,no_exact_project_roster_match
Lawrence Ati-Zigi,Ghana,,no_exact_project_roster_match
Mohamed Salisu,Ghana,,no_exact_project_roster_match
Mohammed Kudus,Ghana,,no_exact_project_roster_match
Osman Bukari,Ghana,,no_exact_project_roster_match
Salis Abdul Samed,Ghana,,no_exact_project_roster_match
Tariq Lamptey,Ghana,,no_exact_project_roster_match
Thomas Teye Partey,Ghana,,no_exact_project_roster_match
Abolfazl Jalali,Iran,,no_exact_project_roster_match
Ahmad Nourollahi,Iran,,no_exact_project_roster_match
Ali Gholizadeh,Iran,,no_exact_project_roster_match
Ali Karimi,Iran,,no_exact_project_roster_match
Alireza Jahanbakhsh,Iran,,no_exact_project_roster_match
Alireza Safar Beiranvand,Iran,,no_exact_project_roster_match
Ehsan Hajsafi,Iran,,no_exact_project_roster_match
Karim Ansarifard,Iran,,no_exact_project_roster_match
Mehdi Taremi,Iran,,no_exact_project_roster_match
Mehdi Torabi,Iran,,no_exact_project_roster_match
Milad Mohammadi,Iran,,no_exact_project_roster_match
Mohammad Hossein Kanani Zadegan,Iran,,no_exact_project_roster_match
Morteza Pouraliganji,Iran,,no_exact_project_roster_match
Ramin Rezaeian,Iran,,no_exact_project_roster_match
Roozbeh Cheshmi,Iran,,no_exact_project_roster_match
Sadegh Moharrami,Iran,,no_exact_project_roster_match
Saeid Ezatolahi Afagh,Iran,,no_exact_project_roster_match
Saman Ghoddos,Iran,,no_exact_project_roster_match
Sardar Azmoun,Iran,,no_exact_project_roster_match
Seyed Hossein Hosseini,Iran,,no_exact_project_roster_match
Seyed Majid Hosseini,Iran,,no_exact_project_roster_match
Ao Tanaka,Japan,,no_exact_project_roster_match
Ayase Ueda,Japan,,no_exact_project_roster_match
Daichi Kamada,Japan,,no_exact_project_roster_match
Daizen Maeda,Japan,,no_exact_project_roster_match
Hidemasa Morita,Japan,,no_exact_project_roster_match
Hiroki Ito,Japan,,no_exact_project_roster_match
Hiroki Sakai,Japan,,no_exact_project_roster_match
Junya Ito,Japan,,no_exact_project_roster_match
Kaoru Mitoma,Japan,,no_exact_project_roster_match
Ko Itakura,Japan,,no_exact_project_roster_match
Maya Yoshida,Japan,,no_exact_project_roster_match
Miki Yamane,Japan,,no_exact_project_roster_match
Ritsu Doan,Japan,,no_exact_project_roster_match
Shogo Taniguchi,Japan,,no_exact_project_roster_match
Shūichi Gonda,Japan,,no_exact_project_roster_match
Takefusa Kubo,Japan,,no_exact_project_roster_match
Takehiro Tomiyasu,Japan,,no_exact_project_roster_match
Takuma Asano,Japan,,no_exact_project_roster_match
Takumi Minamino,Japan,,no_exact_project_roster_match
Wataru Endo,Japan,,no_exact_project_roster_match
Yuki Soma,Japan,,no_exact_project_roster_match
Yuto Nagatomo,Japan,,no_exact_project_roster_match
Carlos Alberto Rodríguez Gómez,Mexico,,no_exact_project_roster_match
Carlos Uriel Antuna Romero,Mexico,,no_exact_project_roster_match
César Jasib Montes Castro,Mexico,,no_exact_project_roster_match
Edson Omar Álvarez Velázquez,Mexico,,no_exact_project_roster_match
Ernesto Alexis Vega Rojas,Mexico,,no_exact_project_roster_match
Francisco Guillermo Ochoa Magaña,Mexico,,no_exact_project_roster_match
Henry Josué Martín Mex,Mexico,,no_exact_project_roster_match
Hirving Rodrigo Lozano Bahena,Mexico,,no_exact_project_roster_match
Héctor Alfredo Moreno Herrera,Mexico,,no_exact_project_roster_match
Héctor Miguel Herrera López,Mexico,,no_exact_project_roster_match
Jesús Daniel Gallardo Vasconcelos,Mexico,,no_exact_project_roster_match
Jorge Eduardo Sánchez Ramos,Mexico,,no_exact_project_roster_match
José Andrés Guardado Hernández,Mexico,,no_exact_project_roster_match
Kevin Nahin Álvarez Campos,Mexico,,no_exact_project_roster_match
Luis Gerardo Chávez Magallón,Mexico,,no_exact_project_roster_match
Néstor Alejandro Araújo Razo,Mexico,,no_exact_project_roster_match
Orbelín Pineda Alvarado,Mexico,,no_exact_project_roster_match
Raúl Alonso Jiménez Rodríguez,Mexico,,no_exact_project_roster_match
Roberto Carlos Alvarado Hernández,Mexico,,no_exact_project_roster_match
Rogelio Gabriel Funes Mori,Mexico,,no_exact_project_roster_match
Érick Gabriel Gutiérrez Galaviz,Mexico,,no_exact_project_roster_match
Abdelhamid Sabiri,Morocco,,no_exact_project_roster_match
Abderrazak Hamdallah,Morocco,,no_exact_project_roster_match
Abdessamad Ezzalzouli,Morocco,,no_exact_project_roster_match
Achraf Dari,Morocco,,no_exact_project_roster_match
Achraf Hakimi Mouh,Morocco,,no_exact_project_roster_match
Anass Zaroury,Morocco,,no_exact_project_roster_match
Azzedine Ounahi,Morocco,,no_exact_project_roster_match
Badr Banoun,Morocco,,no_exact_project_roster_match
Bilal El Khannous,Morocco,,no_exact_project_roster_match
Hakim Ziyech,Morocco,,no_exact_project_roster_match
Ilias Chair,Morocco,,no_exact_project_roster_match
Jawad El Yamiq,Morocco,,no_exact_project_roster_match
Munir Mohand Mohamedi,Morocco,,no_exact_project_roster_match
Nayef Aguerd,Morocco,,no_exact_project_roster_match
Noussair Mazraoui,Morocco,,no_exact_project_roster_match
Romain Saïss,Morocco,,no_exact_project_roster_match
Selim Amallah,Morocco,,no_exact_project_roster_match
Sofiane Boufal,Morocco,,no_exact_project_roster_match
Sofyan Amrabat,Morocco,,no_exact_project_roster_match
Walid Cheddira,Morocco,,no_exact_project_roster_match
Yahia Attiyat allah,Morocco,,no_exact_project_roster_match
Yahya Jabrane,Morocco,,no_exact_project_roster_match
Yassine Bounou,Morocco,,no_exact_project_roster_match
Youssef En-Nesyri,Morocco,,no_exact_project_roster_match
Zakaria Aboukhlal,Morocco,,no_exact_project_roster_match
Andries Noppert,Netherlands,,no_exact_project_roster_match
Cody Mathès Gakpo,Netherlands,,no_exact_project_roster_match
Daley Blind,Netherlands,,no_exact_project_roster_match
Davy Klaassen,Netherlands,,no_exact_project_roster_match
Denzel Dumfries,Netherlands,,no_exact_project_roster_match
Frenkie de Jong,Netherlands,,no_exact_project_roster_match
Jurriën David Norman Timber,Netherlands,,no_exact_project_roster_match
Kenneth Taylor,Netherlands,,no_exact_project_roster_match
Luuk de Jong,Netherlands,,no_exact_project_roster_match
Marten de Roon,Netherlands,,no_exact_project_roster_match
Matthijs de Ligt,Netherlands,,no_exact_project_roster_match
Memphis Depay,Netherlands,,no_exact_project_roster_match
Nathan Aké,Netherlands,,no_exact_project_roster_match
Steven Berghuis,Netherlands,,no_exact_project_roster_match
Steven Bergwijn,Netherlands,,no_exact_project_roster_match
Teun Koopmeiners,Netherlands,,no_exact_project_roster_match
Vincent Janssen,Netherlands,,no_exact_project_roster_match
Virgil van Dijk,Netherlands,,no_exact_project_roster_match
Wout Weghorst,Netherlands,,no_exact_project_roster_match
Xavi Simons,Netherlands,,no_exact_project_roster_match
Arkadiusz Milik,Poland,,no_exact_project_roster_match
Artur Jędrzejczyk,Poland,,no_exact_project_roster_match
Bartosz Bereszyński,Poland,,no_exact_project_roster_match
Damian Szymański,Poland,,no_exact_project_roster_match
Grzegorz Krychowiak,Poland,,no_exact_project_roster_match
Jakub Kamiński,Poland,,no_exact_project_roster_match
Jakub Piotr Kiwior,Poland,,no_exact_project_roster_match
Jan Bednarek,Poland,,no_exact_project_roster_match
Kamil Glik,Poland,,no_exact_project_roster_match
Kamil Grosicki,Poland,,no_exact_project_roster_match
Karol Świderski,Poland,,no_exact_project_roster_match
Krystian Bielik,Poland,,no_exact_project_roster_match
Krzysztof Piątek,Poland,,no_exact_project_roster_match
Matty Cash,Poland,,no_exact_project_roster_match
Michał Skóraś,Poland,,no_exact_project_roster_match
Nicola Zalewski,Poland,,no_exact_project_roster_match
Piotr Zieliński,Poland,,no_exact_project_roster_match
Przemysław Frankowski,Poland,,no_exact_project_roster_match
Robert Lewandowski,Poland,,no_exact_project_roster_match
Sebastian Szymański,Poland,,no_exact_project_roster_match
Wojciech Szczęsny,Poland,,no_exact_project_roster_match
André Miguel Valente Silva,Portugal,,no_exact_project_roster_match
António João Pereira Albuquerque Tavares Silva,Portugal,,no_exact_project_roster_match
Bernardo Mota Veiga de Carvalho e Silva,Portugal,,no_exact_project_roster_match
Bruno Miguel Borges Fernandes,Portugal,,no_exact_project_roster_match
Cristiano Ronaldo dos Santos Aveiro,Portugal,Portugal::CRISTIANO RONALDO,no_exact_project_roster_match
Danilo Luís Hélio Pereira,Portugal,,no_exact_project_roster_match
Diogo Meireles Costa,Portugal,,no_exact_project_roster_match
Gonçalo Matias Ramos,Portugal,,no_exact_project_roster_match
José Diogo Dalot Teixeira,Portugal,Portugal::DIOGO DALOT,no_exact_project_roster_match
João Félix Sequeira,Portugal,Portugal::JOAO FELIX,no_exact_project_roster_match
João Maria Lobo Alves Palhinha Gonçalves,Portugal,,no_exact_project_roster_match
João Mário Naval da Costa Eduardo,Portugal,,no_exact_project_roster_match
João Pedro Cavaco Cancelo,Portugal,,no_exact_project_roster_match
Kléper Laveran Lima Ferreira,Portugal,,no_exact_project_roster_match
Matheus Luiz Nunes,Portugal,,no_exact_project_roster_match
Otávio Edmilson da Silva Monteiro,Portugal,,no_exact_project_roster_match
Rafael Alexandre Conceição Leão,Portugal,,no_exact_project_roster_match
Raphaël Adelino José Guerreiro,Portugal,,no_exact_project_roster_match
Ricardo Jorge Luz Horta,Portugal,,no_exact_project_roster_match
Rúben Diogo Da Silva Neves,Portugal,,no_exact_project_roster_match
Rúben Santos Gato Alves Dias,Portugal,,no_exact_project_roster_match
Vitor Machado Ferreira,Portugal,,no_exact_project_roster_match
William Silva de Carvalho,Portugal,,no_exact_project_roster_match
Abdelkarim Hassan Al Haj Fadlalla,Qatar,,no_exact_project_roster_match
Abdulaziz Hatem Mohammed Abdullah,Qatar,Qatar::ABDULAZIZ HATEM,no_exact_project_roster_match
Ahmed Alaa Eldin Abdelmotaal,Qatar,,no_exact_project_roster_match
Akram Hassan Afif,Qatar,,no_exact_project_roster_match
Ali Assadalla Thaimn Qambar,Qatar,,no_exact_project_roster_match
Almoez Ali Zainalabiddin Abdulla,Qatar,Qatar::ALMOEZ ALI,no_exact_project_roster_match
Assim Omer Al Haj Madibo,Qatar,,no_exact_project_roster_match
Bassam Hisham Al Rawi,Qatar,,no_exact_project_roster_match
Hassan Khalid Al Heidos,Qatar,,no_exact_project_roster_match
Homam Alamin Ahmed,Qatar,,no_exact_project_roster_match
Ismaeel Mohammad Mohammad,Qatar,,no_exact_project_roster_match
Meshaal Aissa Barsham,Qatar,,no_exact_project_roster_match
Mohammed Waed Abdulwahhab Al Bayati,Qatar,,no_exact_project_roster_match
Mosaab Khoder Jibril,Qatar,,no_exact_project_roster_match
Pedro Miguel Correia,Qatar,Qatar::PEDRO MIGUEL,no_exact_project_roster_match
Saad Abdullah Al Sheeb,Qatar,,no_exact_project_roster_match
Tarek Salman Salman,Qatar,,no_exact_project_roster_match
Abdulelah Al Amri,Saudi Arabia,,no_exact_project_roster_match
Abdulelah Saad Hameed Al-Malki,Saudi Arabia,,no_exact_project_roster_match
Abdullah Mohammed Madu,Saudi Arabia,,no_exact_project_roster_match
Abdulrahman Al-Obood,Saudi Arabia,,no_exact_project_roster_match
Ali Al Hassan,Saudi Arabia,,no_exact_project_roster_match
Ali Albulayhi,Saudi Arabia,,no_exact_project_roster_match
Firas Tariq Nasser Al Albirakan,Saudi Arabia,,no_exact_project_roster_match
Haitham Mohammed Asiri,Saudi Arabia,,no_exact_project_roster_match
Hassan Mohammed Al-Tambakti,Saudi Arabia,,no_exact_project_roster_match
Hattan Babhir,Saudi Arabia,,no_exact_project_roster_match
Mohammed Al Burayk,Saudi Arabia,,no_exact_project_roster_match
Mohammed Kanoo,Saudi Arabia,,no_exact_project_roster_match
Mohammed Khalil Al Owais,Saudi Arabia,,no_exact_project_roster_match
Nasser Al Dawsari,Saudi Arabia,,no_exact_project_roster_match
Nawaf Shaker Al Abid,Saudi Arabia,,no_exact_project_roster_match
Riyadh Sharahili,Saudi Arabia,,no_exact_project_roster_match
Saleh Khalid Al Shehri,Saudi Arabia,,no_exact_project_roster_match
Salem Mohammed Al Dawsari,Saudi Arabia,,no_exact_project_roster_match
Salman Mohammed Al Faraj,Saudi Arabia,,no_exact_project_roster_match
Sami Khalil Al Naji,Saudi Arabia,,no_exact_project_roster_match
Saud Abdullah Abdul Hamid,Saudi Arabia,,no_exact_project_roster_match
Sultan Abdullah Salim Al Ghannam,Saudi Arabia,,no_exact_project_roster_match
Yasir Gharsan Al Shahrani,Saudi Arabia,,no_exact_project_roster_match
Abdou Diallo,Senegal,,no_exact_project_roster_match
Boulaye Dia,Senegal,,no_exact_project_roster_match
Cheikh Ahmadou Bamba Mbacke Dieng,Senegal,,no_exact_project_roster_match
Cheikhou Kouyaté,Senegal,,no_exact_project_roster_match
Edouard Mendy,Senegal,,no_exact_project_roster_match
Famara Diedhiou,Senegal,,no_exact_project_roster_match
Fodé Ballo Touré,Senegal,,no_exact_project_roster_match
Idrissa Gana Gueye,Senegal,,no_exact_project_roster_match
Iliman Ndiaye,Senegal,,no_exact_project_roster_match
Ismail Jakobs,Senegal,,no_exact_project_roster_match
Ismaïla Sarr,Senegal,,no_exact_project_roster_match
Kalidou Koulibaly,Senegal,,no_exact_project_roster_match
Krépin Diatta,Senegal,,no_exact_project_roster_match
Nampalys Mendy,Senegal,,no_exact_project_roster_match
Nicolas Jackson,Senegal,,no_exact_project_roster_match
Pape Abou Cissé,Senegal,,no_exact_project_roster_match
Pape Gueye,Senegal,,no_exact_project_roster_match
Pape Matar Sarr,Senegal,,no_exact_project_roster_match
Pathé Ismaël Ciss,Senegal,,no_exact_project_roster_match
Youssouf Sabaly,Senegal,,no_exact_project_roster_match
Aleksandar Mitrović,Serbia,,no_exact_project_roster_match
Andrija Živković,Serbia,,no_exact_project_roster_match
Darko Lazović,Serbia,,no_exact_project_roster_match
Dušan Tadić,Serbia,,no_exact_project_roster_match
Dušan Vlahović,Serbia,,no_exact_project_roster_match
Filip Kostić,Serbia,,no_exact_project_roster_match
Filip Mladenović,Serbia,,no_exact_project_roster_match
Filip Đuričić,Serbia,,no_exact_project_roster_match
Ivan Ilić,Serbia,,no_exact_project_roster_match
Luka Jović,Serbia,,no_exact_project_roster_match
Marko Grujić,Serbia,,no_exact_project_roster_match
Milos Veljkovic,Serbia,,no_exact_project_roster_match
Nemanja Gudelj,Serbia,,no_exact_project_roster_match
Nemanja Maksimović,Serbia,,no_exact_project_roster_match
Nemanja Radonjić,Serbia,,no_exact_project_roster_match
Nikola Milenković,Serbia,,no_exact_project_roster_match
Saša Lukić,Serbia,,no_exact_project_roster_match
Sergej Milinković-Savić,Serbia,,no_exact_project_roster_match
Srđan Babić,Serbia,,no_exact_project_roster_match
Stefan Mitrović,Serbia,,no_exact_project_roster_match
Strahinja Pavlović,Serbia,,no_exact_project_roster_match
Vanja Milinković Savić,Serbia,,no_exact_project_roster_match
Chang-Hoon Kwon,South Korea,,no_exact_project_roster_match
Chul Hong,South Korea,,no_exact_project_roster_match
Gue-Sung Cho,South Korea,,no_exact_project_roster_match
Hee-Chan Hwang,South Korea,,no_exact_project_roster_match
Heung-Min Son,South Korea,,no_exact_project_roster_match
In-Beom Hwang,South Korea,,no_exact_project_roster_match
Jae-Sung Lee,South Korea,,no_exact_project_roster_match
Jin-Su Kim,South Korea,,no_exact_project_roster_match
Jun-Ho Son,South Korea,,no_exact_project_roster_match
Kang-In Lee,South Korea,,no_exact_project_roster_match
Kyung-Won Kwon,South Korea,,no_exact_project_roster_match
Min Jae Kim,South Korea,,no_exact_project_roster_match
Moon-Hwan Kim,South Korea,,no_exact_project_roster_match
Sang-Ho Na,South Korea,,no_exact_project_roster_match
Seung-Gyu Kim,South Korea,,no_exact_project_roster_match
Seung-Ho Paik,South Korea,,no_exact_project_roster_match
Ui-Jo Hwang,South Korea,,no_exact_project_roster_match
Woo-Yeong Jeong,South Korea,,no_exact_project_roster_match
Woo-Young Jung,South Korea,,no_exact_project_roster_match
Young-Gwon Kim,South Korea,,no_exact_project_roster_match
Alejandro Balde Martínez,Spain,,no_exact_project_roster_match
Anssumane Fati,Spain,,no_exact_project_roster_match
Aymeric Laporte,Spain,,no_exact_project_roster_match
Carlos Soler Barragán,Spain,,no_exact_project_roster_match
César Azpilicueta Tanco,Spain,,no_exact_project_roster_match
Daniel Carvajal Ramos,Spain,,no_exact_project_roster_match
Daniel Olmo Carvajal,Spain,,no_exact_project_roster_match
Ferrán Torres García,Spain,,no_exact_project_roster_match
Jordi Alba Ramos,Spain,,no_exact_project_roster_match
Jorge Resurrección Merodio,Spain,,no_exact_project_roster_match
Marco Asensio Willemsen,Spain,,no_exact_project_roster_match
Marcos Llorente Moreno,Spain,,no_exact_project_roster_match
Nicholas Williams Arthuer,Spain,,no_exact_project_roster_match
Pablo Martín Páez Gavira,Spain,Spain::GAVI,no_exact_project_roster_match
Pau Francisco Torres,Spain,,no_exact_project_roster_match
Pedro González López,Spain,,no_exact_project_roster_match
Rodrigo Hernández Cascante,Spain,Spain::RODRI,no_exact_project_roster_match
Sergio Busquets i Burgos,Spain,,no_exact_project_roster_match
Unai Simón Mendibil,Spain,,no_exact_project_roster_match
Álvaro Borja Morata Martín,Spain,,no_exact_project_roster_match
Ardon Jashari,Switzerland,,no_exact_project_roster_match
Breel-Donald Embolo,Switzerland,,no_exact_project_roster_match
Christian Fassnacht,Switzerland,,no_exact_project_roster_match
Denis Lemi Zakaria Lako Lado,Switzerland,,no_exact_project_roster_match
Djibril Sow,Switzerland,,no_exact_project_roster_match
Edimilson Fernandes,Switzerland,,no_exact_project_roster_match
Eray Ervin Cömert,Switzerland,,no_exact_project_roster_match
Fabian Frei,Switzerland,,no_exact_project_roster_match
Fabian Lukas Schär,Switzerland,,no_exact_project_roster_match
Fabian Rieder,Switzerland,,no_exact_project_roster_match
Granit Xhaka,Switzerland,,no_exact_project_roster_match
Gregor Kobel,Switzerland,,no_exact_project_roster_match
Haris Seferović,Switzerland,,no_exact_project_roster_match
Manuel Obafemi Akanji,Switzerland,,no_exact_project_roster_match
Michel Aebischer,Switzerland,,no_exact_project_roster_match
Nico Elvedi,Switzerland,,no_exact_project_roster_match
Noah Okafor,Switzerland,,no_exact_project_roster_match
Remo Freuler,Switzerland,,no_exact_project_roster_match
Renato Steffen,Switzerland,,no_exact_project_roster_match
Ricardo Iván Rodríguez Araya,Switzerland,,no_exact_project_roster_match
Ruben Vargas,Switzerland,,no_exact_project_roster_match
Silvan Widmer,Switzerland,,no_exact_project_roster_match
Xherdan Shaqiri,Switzerland,,no_exact_project_roster_match
Yann Sommer,Switzerland,,no_exact_project_roster_match
Ali Abdi,Tunisia,,no_exact_project_roster_match
Ali Maâloul,Tunisia,,no_exact_project_roster_match
Anis Ben Slimane,Tunisia,,no_exact_project_roster_match
Aymen Dahmen,Tunisia,,no_exact_project_roster_match
Aïssa Bilal Laïdouni,Tunisia,,no_exact_project_roster_match
Dylan Daniel Mahmoud Bronn,Tunisia,,no_exact_project_roster_match
Ellyes Joris Skhiri,Tunisia,,no_exact_project_roster_match
Ferjani Sassi,Tunisia,,no_exact_project_roster_match
Ghilane Chalali,Tunisia,,no_exact_project_roster_match
Hannibal Mejbri,Tunisia,,no_exact_project_roster_match
Issam Jebali,Tunisia,,no_exact_project_roster_match
Mohamed Ali Ben Romdhane,Tunisia,,no_exact_project_roster_match
Mohamed Dräger,Tunisia,,no_exact_project_roster_match
Montassar Omar Talbi,Tunisia,,no_exact_project_roster_match
Nader Ghandri,Tunisia,,no_exact_project_roster_match
Naïm Sliti,Tunisia,,no_exact_project_roster_match
Taha Yassine Khenissi,Tunisia,,no_exact_project_roster_match
Wahbi Khazri,Tunisia,,no_exact_project_roster_match
Wajdi Kechrida,Tunisia,,no_exact_project_roster_match
Yassine Meriah,Tunisia,,no_exact_project_roster_match
Youssef Msakni,Tunisia,,no_exact_project_roster_match
Antonee Robinson,United States,,no_exact_project_roster_match
Brenden Aaronson,United States,,no_exact_project_roster_match
Cameron Carter-Vickers,United States,,no_exact_project_roster_match
Christian Pulisic,United States,,no_exact_project_roster_match
DeAndre Yedlin,United States,,no_exact_project_roster_match
Giovanni Reyna,United States,,no_exact_project_roster_match
Haji Wright,United States,,no_exact_project_roster_match
Jesus Ferreira,United States,,no_exact_project_roster_match
Jordan Morris,United States,,no_exact_project_roster_match
Joshua Sargent,United States,,no_exact_project_roster_match
Kellyn Kai Perry-Acosta,United States,,no_exact_project_roster_match
Matthew Charles Turner,United States,,no_exact_project_roster_match
Sergino Dest,United States,,no_exact_project_roster_match
Shaquell Moore,United States,,no_exact_project_roster_match
Tim Ream,United States,,no_exact_project_roster_match
Timothy Weah,United States,,no_exact_project_roster_match
Tyler Adams,United States,,no_exact_project_roster_match
Walker Zimmerman,United States,,no_exact_project_roster_match
Weston McKennie,United States,,no_exact_project_roster_match
Yunus Dimoara Musah,United States,,no_exact_project_roster_match
Agustín Canobbio Graviz,Uruguay,,no_exact_project_roster_match
Darwin Gabriel Núñez Ribeiro,Uruguay,,no_exact_project_roster_match
Diego Nicolás De La Cruz Arcosa,Uruguay,,no_exact_project_roster_match
Diego Roberto Godín Leal,Uruguay,,no_exact_project_roster_match
Edinson Roberto Cavani Gómez,Uruguay,,no_exact_project_roster_match
Facundo Pellistri Rebollo,Uruguay,,no_exact_project_roster_match
Federico Santiago Valverde Dipetta,Uruguay,,no_exact_project_roster_match
Giorgian Daniel De Arrascaeta Benedetti,Uruguay,,no_exact_project_roster_match
Guillermo Varela Olivera,Uruguay,,no_exact_project_roster_match
José Martín Cáceres Silva,Uruguay,,no_exact_project_roster_match
José María Giménez de Vargas,Uruguay,,no_exact_project_roster_match
Luis Alberto Suárez Díaz,Uruguay,,no_exact_project_roster_match
Mathías Olivera Miramontes,Uruguay,,no_exact_project_roster_match
Matías Nicolás Viña Susperreguy,Uruguay,,no_exact_project_roster_match
Matías Vecino Falero,Uruguay,,no_exact_project_roster_match
Maximiliano Gómez González,Uruguay,,no_exact_project_roster_match
Rodrigo Bentancur Colmán,Uruguay,,no_exact_project_roster_match
Sebastián Coates Nión,Uruguay,,no_exact_project_roster_match
Sergio Rochet Álvarez,Uruguay,,no_exact_project_roster_match
Aaron Ramsey,Wales,,no_exact_project_roster_match
Ben Davies,Wales,,no_exact_project_roster_match
Brennan Johnson,Wales,,no_exact_project_roster_match
Chris Mepham,Wales,,no_exact_project_roster_match
Connor Roberts,Wales,,no_exact_project_roster_match
Daniel James,Wales,,no_exact_project_roster_match
Daniel Ward,Wales,,no_exact_project_roster_match
Ethan Ampadu,Wales,,no_exact_project_roster_match
Gareth Frank Bale,Wales,,no_exact_project_roster_match
Harry Wilson,Wales,,no_exact_project_roster_match
Joe Allen,Wales,,no_exact_project_roster_match
Joe Rodon,Wales,,no_exact_project_roster_match
Joseff Morrell,Wales,,no_exact_project_roster_match
Kieffer Roberto Francisco Moore,Wales,,no_exact_project_roster_match
Neco Williams,Wales,,no_exact_project_roster_match
Rubin Colwill,Wales,,no_exact_project_roster_match
Wayne Hennessey,Wales,,no_exact_project_roster_match
