match_id,match_num,stage,group_name,home_team,away_team,kickoff_at,venue,status
wc26-001,M001,Group stage,A,Mexico,South Africa,2026-06-11T19:00:00Z,"Mexico City, Mexico",no_market
wc26-002,M002,Group stage,A,South Korea,Czech Republic,2026-06-12T02:00:00Z,"Zapopan, Mexico",no_market
wc26-003,M003,Group stage,B,Canada,Bosnia & Herzegovina,2026-06-12T19:00:00Z,"Toronto, Canada",no_market
wc26-004,M004,Group stage,D,USA,Paraguay,2026-06-13T01:00:00Z,"Los Angeles, USA",no_market
wc26-005,M005,Group stage,B,Qatar,Switzerland,2026-06-13T19:00:00Z,"Santa Clara, USA",no_market
wc26-006,M006,Group stage,C,Brazil,Morocco,2026-06-13T22:00:00Z,"New Jersey, USA",no_market
wc26-007,M007,Group stage,C,Haiti,Scotland,2026-06-14T01:00:00Z,"Foxborough, USA",no_market
wc26-008,M008,Group stage,D,Australia,Turkey,2026-06-14T04:00:00Z,"Vancouver, Canada",no_market
wc26-009,M009,Group stage,E,Germany,Curacao,2026-06-14T17:00:00Z,"Houston, USA",no_market
wc26-010,M010,Group stage,F,Netherlands,Japan,2026-06-14T20:00:00Z,"Arlington, USA",no_market
wc26-011,M011,Group stage,E,Ivory Coast,Ecuador,2026-06-14T23:00:00Z,"Philadelphia, USA",no_market
wc26-012,M012,Group stage,F,Sweden,Tunisia,2026-06-15T02:00:00Z,"Guadalupe, Mexico",no_market
wc26-013,M013,Group stage,H,Spain,Cape Verde,2026-06-15T16:00:00Z,"Atlanta, USA",no_market
wc26-014,M014,Group stage,G,Belgium,Egypt,2026-06-15T19:00:00Z,"Seattle, USA",no_market
wc26-015,M015,Group stage,H,Saudi Arabia,Uruguay,2026-06-15T22:00:00Z,"Miami, USA",no_market
wc26-016,M016,Group stage,G,Iran,New Zealand,2026-06-16T01:00:00Z,"Los Angeles, USA",no_market
wc26-017,M017,Group stage,I,France,Senegal,2026-06-16T19:00:00Z,"New Jersey, USA",no_market
wc26-018,M018,Group stage,I,Iraq,Norway,2026-06-16T22:00:00Z,"Foxborough, USA",no_market
wc26-019,M019,Group stage,J,Argentina,Algeria,2026-06-17T01:00:00Z,"Kansas City, USA",no_market
wc26-020,M020,Group stage,J,Austria,Jordan,2026-06-17T04:00:00Z,"Santa Clara, USA",no_market
wc26-021,M021,Group stage,K,Portugal,DR Congo,2026-06-17T17:00:00Z,"Houston, USA",no_market
wc26-022,M022,Group stage,L,England,Croatia,2026-06-17T20:00:00Z,"Arlington, USA",no_market
wc26-023,M023,Group stage,L,Ghana,Panama,2026-06-17T23:00:00Z,"Toronto, Canada",no_market
wc26-024,M024,Group stage,K,Uzbekistan,Colombia,2026-06-18T02:00:00Z,"Mexico City, Mexico",no_market
wc26-025,M025,Group stage,A,Czech Republic,South Africa,2026-06-18T16:00:00Z,"Atlanta, USA",no_market
wc26-026,M026,Group stage,B,Switzerland,Bosnia & Herzegovina,2026-06-18T19:00:00Z,"Los Angeles, USA",no_market
wc26-027,M027,Group stage,B,Canada,Qatar,2026-06-18T22:00:00Z,"Vancouver, Canada",no_market
wc26-028,M028,Group stage,A,Mexico,South Korea,2026-06-19T01:00:00Z,"Zapopan, Mexico",no_market
wc26-029,M029,Group stage,D,USA,Australia,2026-06-19T19:00:00Z,"Seattle, USA",no_market
wc26-030,M030,Group stage,C,Scotland,Morocco,2026-06-19T22:00:00Z,"Foxborough, USA",no_market
wc26-031,M031,Group stage,C,Brazil,Haiti,2026-06-20T00:00:00Z,"Philadelphia, USA",no_market
wc26-032,M032,Group stage,D,Turkey,Paraguay,2026-06-20T03:00:00Z,"Santa Clara, USA",no_market
wc26-033,M033,Group stage,A,Netherlands,Sweden,2026-06-20T17:00:00Z,"Houston, USA",no_market
wc26-034,M034,Group stage,E,Germany,Ivory Coast,2026-06-20T20:00:00Z,"Toronto, Canada",no_market
wc26-035,M035,Group stage,E,Ecuador,Curacao,2026-06-21T00:00:00Z,"Kansas City, USA",no_market
wc26-036,M036,Group stage,F,Tunisia,Japan,2026-06-21T04:00:00Z,"Guadalupe, Mexico",no_market
wc26-037,M037,Group stage,H,Spain,Saudi Arabia,2026-06-21T16:00:00Z,"Atlanta, USA",no_market
wc26-038,M038,Group stage,G,Belgium,Iran,2026-06-21T19:00:00Z,"Los Angeles, USA",no_market
wc26-039,M039,Group stage,H,Uruguay,Cape Verde,2026-06-21T22:00:00Z,"Miami, USA",no_market
wc26-040,M040,Group stage,G,New Zealand,Egypt,2026-06-22T01:00:00Z,"Vancouver, Canada",no_market
wc26-041,M041,Group stage,J,Argentina,Austria,2026-06-22T17:00:00Z,"Arlington, USA",no_market
wc26-042,M042,Group stage,I,France,Iraq,2026-06-22T21:00:00Z,"Philadelphia, USA",no_market
wc26-043,M043,Group stage,I,Norway,Senegal,2026-06-23T00:00:00Z,"Toronto, Canada",no_market
wc26-044,M044,Group stage,J,Jordan,Algeria,2026-06-23T03:00:00Z,"Santa Clara, USA",no_market
wc26-045,M045,Group stage,K,Portugal,Uzbekistan,2026-06-23T17:00:00Z,"Houston, USA",no_market
wc26-046,M046,Group stage,L,England,Ghana,2026-06-23T20:00:00Z,"Foxborough, USA",no_market
wc26-047,M047,Group stage,L,Panama,Croatia,2026-06-23T23:00:00Z,"Foxborough, USA",no_market
wc26-048,M048,Group stage,K,Colombia,DR Congo,2026-06-24T02:00:00Z,"Zapopan, Mexico",no_market
wc26-049,M049,Group stage,B,Switzerland,Canada,2026-06-24T19:00:00Z,"Vancouver, Canada",no_market
wc26-050,M050,Group stage,B,Bosnia & Herzegovina,Qatar,2026-06-24T19:00:00Z,"Seattle, USA",no_market
wc26-051,M051,Group stage,C,Morocco,Haiti,2026-06-24T22:00:00Z,"Atlanta, USA",no_market
wc26-052,M052,Group stage,C,Scotland,Brazil,2026-06-24T22:00:00Z,"Miami, USA",no_market
wc26-053,M053,Group stage,A,South Africa,South Korea,2026-06-25T01:00:00Z,"Guadalupe, Mexico",no_market
wc26-054,M054,Group stage,A,Czech Republic,Mexico,2026-06-25T01:00:00Z,"Mexico City, Mexico",no_market
wc26-055,M055,Group stage,E,Curacao,Ivory Coast,2026-06-25T20:00:00Z,"Philadelphia, USA",no_market
wc26-056,M056,Group stage,E,Ecuador,Germany,2026-06-25T20:00:00Z,"New Jersey, USA",no_market
wc26-057,M057,Group stage,F,Tunisia,Netherlands,2026-06-25T23:00:00Z,"Kansas City, USA",no_market
wc26-058,M058,Group stage,F,Japan,Sweden,2026-06-25T23:00:00Z,"Arlington, USA",no_market
wc26-059,M059,Group stage,D,Turkey,USA,2026-06-26T02:00:00Z,"Los Angeles, USA",no_market
wc26-060,M060,Group stage,D,Paraguay,Australia,2026-06-26T02:00:00Z,"Santa Clara, USA",no_market
wc26-061,M061,Group stage,I,Norway,France,2026-06-26T19:00:00Z,"Foxborough, USA",no_market
wc26-062,M062,Group stage,I,Senegal,Iraq,2026-06-26T19:00:00Z,"Toronto, Canada",no_market
wc26-063,M063,Group stage,H,Cape Verde,Saudi Arabia,2026-06-27T00:00:00Z,"Houston, USA",no_market
wc26-064,M064,Group stage,H,Uruguay,Spain,2026-06-27T00:00:00Z,"Zapopan, Mexico",no_market
wc26-065,M065,Group stage,G,New Zealand,Belgium,2026-06-27T03:00:00Z,"Vancouver, Canada",no_market
wc26-066,M066,Group stage,G,Egypt,Iran,2026-06-27T03:00:00Z,"Seattle, USA",no_market
wc26-067,M067,Group stage,L,Panama,England,2026-06-27T21:00:00Z,"New Jersey, USA",no_market
wc26-068,M068,Group stage,L,Croatia,Ghana,2026-06-27T21:00:00Z,"Philadelphia, USA",no_market
wc26-069,M069,Group stage,K,Colombia,Portugal,2026-06-27T23:00:00Z,"Miami, USA",no_market
wc26-070,M070,Group stage,K,DR Congo,Uzbekistan,2026-06-27T23:00:00Z,"Atlanta, USA",no_market
wc26-071,M071,Group stage,J,Algeria,Austria,2026-06-28T02:00:00Z,"Kansas City, USA",no_market
wc26-072,M072,Group stage,J,Jordan,Argentina,2026-06-28T02:00:00Z,"Arlington, USA",no_market
wc26-073,M073,Round of 32,,Group A runners-up,Group B runners-up,2026-06-28T19:00:00Z,"Los Angeles, USA",no_market
wc26-074,M074,Round of 32,,Group E winners,Group A/B/C/D/F third place,2026-06-29T20:00:00Z,"Foxborough, USA",no_market
wc26-075,M075,Round of 32,,Group F winners,Group C runners-up,2026-06-30T01:00:00Z,"Guadalupe, Mexico",no_market
wc26-076,M076,Round of 32,,Group C winners,Group F runners-up,2026-06-29T17:00:00Z,"Houston, USA",no_market
wc26-077,M077,Round of 32,,Group I winners,Group C/D/F/G/H third place,2026-06-30T21:00:00Z,"New Jersey, USA",no_market
wc26-078,M078,Round of 32,,Group E runners-up,Group I runners-up,2026-06-30T17:00:00Z,"Arlington, USA",no_market
wc26-079,M079,Round of 32,,Group A winners,Group C/E/F/H/I third place,2026-07-01T01:00:00Z,"Mexico City, Mexico",no_market
wc26-080,M080,Round of 32,,Group L winners,Group E/H/I/J/K third place,2026-07-01T16:00:00Z,"Atlanta, USA",no_market
wc26-081,M081,Round of 32,,Group D winners,Group B/E/F/I/J third place,2026-07-02T00:00:00Z,"Santa Clara, USA",no_market
wc26-082,M082,Round of 32,,Group G winners,Group A/E/H/I/J third place,2026-07-01T20:00:00Z,"Seattle, USA",no_market
wc26-083,M083,Round of 32,,Group K runners-up,Group L runners-up,2026-07-02T23:00:00Z,"Toronto, Canada",no_market
wc26-084,M084,Round of 32,,Group H winners,Group J runners-up,2026-07-02T19:00:00Z,"Los Angeles, USA",no_market
wc26-085,M085,Round of 32,,Group B winners,Group E/F/G/I/J third place,2026-07-03T03:00:00Z,"Vancouver, Canada",no_market
wc26-086,M086,Round of 32,,Group J winners,Group H runners-up,2026-07-03T22:00:00Z,"Miami, USA",no_market
wc26-087,M087,Round of 32,,Group K winners,Group D/E/I/J/L third place,2026-07-04T01:00:00Z,"Kansas City, USA",no_market
wc26-088,M088,Round of 32,,Group D runners-up,Group G runners-up,2026-07-03T18:00:00Z,"Arlington, USA",no_market
wc26-089,M089,Round of 16,,Match 74 winners,Match 77 winners,2026-07-04T21:00:00Z,"Philadelphia, USA",no_market
wc26-090,M090,Round of 16,,Match 73 winners,Match 75 winners,2026-07-04T17:00:00Z,"Houston, USA",no_market
wc26-091,M091,Round of 16,,Match 76 winners,Match 78 winners,2026-07-05T20:00:00Z,"New Jersey, USA",no_market
wc26-092,M092,Round of 16,,Match 79 winners,Match 80 winners,2026-07-06T00:00:00Z,"Mexico City, Mexico",no_market
wc26-093,M093,Round of 16,,Match 83 winners,Match 84 winners,2026-07-06T19:00:00Z,"Arlington, USA",no_market
wc26-094,M094,Round of 16,,Match 81 winners,Match 82 winners,2026-07-07T00:00:00Z,"Seattle, USA",no_market
wc26-095,M095,Round of 16,,Match 86 winners,Match 88 winners,2026-07-07T16:00:00Z,"Atlanta, USA",no_market
wc26-096,M096,Round of 16,,Match 85 winners,Match 87 winners,2026-07-07T20:00:00Z,"Vancouver, Canada",no_market
wc26-097,M097,Quarter-finals,,Match 89 winners,Match 90 winners,2026-07-09T20:00:00Z,"Foxborough, USA",no_market
wc26-098,M098,Quarter-finals,,Match 93 winners,Match 94 winners,2026-07-10T19:00:00Z,"Los Angeles, USA",no_market
wc26-099,M099,Quarter-finals,,Match 91 winners,Match 92 winners,2026-07-11T21:00:00Z,"Miami, USA",no_market
wc26-100,M100,Quarter-finals,,Match 95 winners,Match 96 winners,2026-07-12T01:00:00Z,"Kansas City, USA",no_market
wc26-101,M101,Semi-finals,,Match 97 winners,Match 98 winners,2026-07-14T19:00:00Z,"Arlington, USA",no_market
wc26-102,M102,Semi-finals,,Match 99 winners,Match 100 winners,2026-07-15T19:00:00Z,"Atlanta, USA",no_market
wc26-103,M103,Third-place play-off,,Match 101 losers,Match 102 losers,2026-07-18T21:00:00Z,"Miami, USA",no_market
wc26-104,M104,Final,,Match 101 winners,Match 102 winners,2026-07-19T19:00:00Z,"New Jersey, USA",no_market
